user_id	username	email	password_hash
1	johnsonjoshua	jillrhodes@miller.com	af738b28e0a93deae4483d186d93ab0ae1300f80dbd1bf73b8b367a58cb3cb4b
2	hoffmanjennifer	shaneramirez@gmail.com	f3293232dc4f6f82f27fcb1f5bdf4517cd40e79a4f79ddd795c7d117d36557f3
3	helenpeterson	susanrogers@james.com	33e3f996588677ce376555d9705c6a4e0783924ef7b0f92b335fa735c429b4a7
4	blairamanda	arnoldmaria@hotmail.com	40f162b663df0eb38e907f235ea9e432809a00d97a969444ef4cc84eb3e16927
5	barbara10	tracie31@ramirez-reid.com	d4b196b5cd9f19ce309caa8db9b07a56eec5076a3728092d52d18e7b58de0d78
6	jason41	frankgray@watts.com	92aa91f91a0a1660cc8b38a2f9fe97b1c0e1d0452bed70d894a0db7b5d310f9a
7	trujillorichard	robinbradley@edwards.info	5e07383fc5d1976edf3b7d204f15e07a1a922852a5b6c2fd7abb396d06d05bf6
8	johnhoffman	zhurst@yahoo.com	528a0ba6937407022a0b6ab2b585d67c2d34910b599f40a76b083229b39904be
9	williamdavis	hernandezernest@henderson.info	2660672dc64a0ae0b3c3b49549ba01bb4ae3d9aebb690e87db0ef7957ef42526
10	frazierdanny	daniel62@yahoo.com	8feb07941663abf8aa4078ce46845de740374bbcc90feeaa7c883ba0fa33abe6
11	teresa28	meagan89@hernandez.net	beae37ac789535f7cee792493bc81f78c9400a22f73183e6c8e5cca9ce50cfdd
12	georgetracy	natasha43@allen.com	0dd2b3752d462dc54fd19c5d455f191db04c757a7abf0401213f49600ec0a8d1
13	wcabrera	donnaarroyo@baker.biz	ee812f64f9dfc12ca46bb74d063aeefa350a914638c212e8580f0e96f0a403d7
14	jenniferross	clam@gmail.com	0df9731ff6cf9f9e8f6ef50977663da4e1346d9c019d8f3ad75ef9d8c8ceb5b0
15	morganbrianna	adrianzimmerman@perez.com	3436965836d671702082f5d5b210d3c0613393dd22099438136f964356534c05